,Open,High,Low,Close,Volume
2025-05-02 22:03:18,206.08999633789062,206.99000549316406,202.16000366210938,204.9178924560547,49211537
