,Open,High,Low,Close,Volume
2025-05-02 22:03:01,206.08999633789062,206.99000549316406,202.16000366210938,204.91990661621094,49188742
